Order,Group,Image
1,B,"""Nematodes.png"""
2,B,“Polychaetes.png”
3,B,"“Prokaryotes.png"""
4,B,"“Octocorals.png"""
5,B,"""Ascidians.png”"
6,B,“Barrell_sponges.png”
7,B,"“Benthos (general).png"""
8,B,"""Porifera.png”"
9,B,“Bivalvia.png”
10,B,"""Bryozoa.png”"
11,B,"""Sea_squirts.png”"
12,B,"“Hexacorals.png"""
13,B,"“Octopoda.png"""
14,B,"“Ophuroidea.png"""
15,B,"“Ateroidea.png"""
16,B,"""Benthic_Amphipoda.png”"
17,B,"“Crinoidea.png"""
18,B,“Decapoda.png”
19,B,"“Echinoidea.png"""
20,B,"""Shrimp.png”"
21,B,"""Gastropoda.png”"
22,B,“Isopoda.png”
23,B,"“crinoid - white.png"""
24,B,"""sabellid_polychaete.png”"
25,B,"""sea_cucumber.png”"
26,B,"“sea_pig.png"""
27,B,"""Pycnogonida.png”"
28,PR,“Viruses.png”
29,PP,"""Microheterotrophs.png"""
30,PP,“Small_autotrophs.png”
31,PP,“Large_autotrophs.png”
32,PP,"“Diatoms.png"""
33,PP,“Dinoflagellates.png”
34,PP,"“Silicoflagellates.png"""
35,PP,"“Phaeocystis.png"""
36,PP,“Foraminifera.png”
37,PP,"""Macroalgae.png"""
38,Z,"""Antarctic_krill(adult).png”"
39,Z,"""Antarctic_krill(larval).png”"
40,Z,"“Other_krill.png"""
41,Z,"""Microprotozooplankton.png"""
42,Z,“Pelagic_Amphipod.png”
43,Z,"“Pteropod_butterfly.png"""
44,Z,“Pteropod_shelled.png”
45,Z,“Copepods.png”
46,Z,“Salp.png”
47,Z,"“Hydrozoa.png"""
48,PF,"""Antarctic_silverfish.png”"
49,PF,"""Small_myctophid.png”"
50,PF,"""Large_myctophid.png”"
51,PF,“Mackeral_icefish.png”
52,PF,"“Nototheniidae.png"""
53,PF,"""Antarctic_toothfish.png”"
54,PF,"“Patagonian_toothfish.png"""
55,PF,"“Rattails_Grenadiers.png"""
56,PF,"""Moridae.png"""
57,PF,"""Antarctic_dragonfish.png"""
58,PS,"""Squid_batoteuthidae.png”"
59,PS,"""Squid_chiroteuthidae.png”"
60,PS,"""Squid_histioteuthidae.png”"
61,PS,"""Squid_neoteuthidae.png”"
62,PS,"“Squid_ommastrephid.png"""
63,PS,"“Squid_onychoteuthid.png"""
64,PS,"“Squid_pholidoteuthidae.png"""
65,PS,"""Brachioteuthid_squid.png”"
66,PS,"""Cranchid_squid.png”"
67,PS,"""Squid_bathyteuthidae.png”"
68,PS,"“Gonatid_squid.png"""
69,BP,"""Adelie_penguin.png"""
70,BP,"“Gentoo_penguin.png"""
71,BP,"“Chinstrap_penguin.png"""
72,BP,"“Macaroni_penguin.png"""
73,BP,"""Royal_penguin.png”"
74,BP,"“King_penguin.png"""
75,BP,"""Emperor_penguin.png”"
76,BF,"""Albatross.png"""
77,BF,"""Petrel.png”"
78,BF,“Shearwater.png”
79,MS,"“Subantarctic_fur_seal.png"""
80,MS,"""Antarctic_fur_seal.png”"
81,MS,"""Crabeater_seal.png”"
82,MS,“Ross_seal.png”
83,MS,"""Weddell_Seal.png”"
84,MS,“Elephant_seal.png”
85,MS,"“Leopard_seal.png"""
86,MW,"""Antarctic_blue_whale.png"""
87,MW,"“Pygmy_blue_whale.png"""
88,MW,"""Antarctic_minke.png”"
89,MW,“minke whale - white.png”
90,MW,"""Dwarf_minke_whale.png”"
91,MW,"“Sei_whale.png"""
92,MW,"“Fin_whale.png"""
93,MW,"“Humpback_whale.png"""
94,MW,"“Southern_right_whale.png"""
95,MW,“Sperm_Whale.png”
96,MW,"""Killer_whale_A.png”"
97,MW,"""Killer_whale_B.png”"
98,MW,"""Killer_whale_C.png”"
99,MW,"""Killer_whale_D.png”"